antecedents,consequents,antecedent support,consequent support,support,confidence,lift,representativity,leverage,conviction,zhangs_metric,jaccard,certainty,kulczynski
"frozenset({'YearsAtCompany_bin_nan', 'OverTime_Yes_True', 'JobLevel_-0.963503753471408'})","frozenset({'AttritionLabel_Leave', 'TotalWorkingYears_bin_nan', 'MonthlyIncome_bin_nan', 'Age_bin_nan'})",0.0918918918918919,0.11283783783783784,0.04932432432432433,0.5367647058823529,4.756956674885523,1.0,0.03895544192841491,1.915143715143715,0.869699934768428,0.31739130434782603,0.4778459746427131,0.48694522719267347
"frozenset({'YearsAtCompany_bin_nan', 'OverTime_Yes_True', 'JobLevel_-0.963503753471408'})","frozenset({'AttritionLabel_Leave', 'TotalWorkingYears_bin_nan', 'MonthlyIncome_bin_nan'})",0.0918918918918919,0.11283783783783784,0.04932432432432433,0.5367647058823529,4.756956674885523,1.0,0.03895544192841491,1.915143715143715,0.869699934768428,0.31739130434782603,0.4778459746427131,0.48694522719267347
"frozenset({'Age_bin_nan', 'YearsAtCompany_bin_nan', 'OverTime_Yes_True', 'JobLevel_-0.963503753471408'})","frozenset({'AttritionLabel_Leave', 'TotalWorkingYears_bin_nan', 'MonthlyIncome_bin_nan'})",0.0918918918918919,0.11283783783783784,0.04932432432432433,0.5367647058823529,4.756956674885523,1.0,0.03895544192841491,1.915143715143715,0.869699934768428,0.31739130434782603,0.4778459746427131,0.48694522719267347
"frozenset({'Age_bin_nan', 'TotalWorkingYears_bin_nan', 'OverTime_Yes_True', 'JobLevel_-0.963503753471408'})","frozenset({'AttritionLabel_Leave', 'YearsAtCompany_bin_nan', 'MonthlyIncome_bin_nan'})",0.09864864864864865,0.10878378378378378,0.04932432432432433,0.5,4.596273291925466,1.0,0.038592951059167276,1.7824324324324325,0.8680659670164916,0.31196581196581197,0.43896891584533737,0.47670807453416153
"frozenset({'TotalWorkingYears_bin_nan', 'OverTime_Yes_True', 'JobLevel_-0.963503753471408'})","frozenset({'AttritionLabel_Leave', 'YearsAtCompany_bin_nan', 'MonthlyIncome_bin_nan', 'Age_bin_nan'})",0.09864864864864865,0.10878378378378378,0.04932432432432433,0.5,4.596273291925466,1.0,0.038592951059167276,1.7824324324324325,0.8680659670164916,0.31196581196581197,0.43896891584533737,0.47670807453416153
"frozenset({'TotalWorkingYears_bin_nan', 'OverTime_Yes_True', 'JobLevel_-0.963503753471408'})","frozenset({'AttritionLabel_Leave', 'YearsAtCompany_bin_nan', 'MonthlyIncome_bin_nan'})",0.09864864864864865,0.10878378378378378,0.04932432432432433,0.5,4.596273291925466,1.0,0.038592951059167276,1.7824324324324325,0.8680659670164916,0.31196581196581197,0.43896891584533737,0.47670807453416153
"frozenset({'Age_bin_nan', 'OverTime_Yes_True', 'JobLevel_-0.963503753471408'})","frozenset({'AttritionLabel_Leave', 'TotalWorkingYears_bin_nan', 'YearsAtCompany_bin_nan', 'MonthlyIncome_bin_nan'})",0.10540540540540541,0.10270270270270271,0.04932432432432433,0.46794871794871795,4.5563427800269904,1.0,0.03849890430971512,1.6864864864864864,0.8724909986342756,0.31063829787234043,0.40705128205128205,0.4741059379217274
"frozenset({'OverTime_Yes_True', 'JobLevel_-0.963503753471408'})","frozenset({'AttritionLabel_Leave', 'TotalWorkingYears_bin_nan', 'YearsAtCompany_bin_nan', 'MonthlyIncome_bin_nan'})",0.10540540540540541,0.10270270270270271,0.04932432432432433,0.46794871794871795,4.5563427800269904,1.0,0.03849890430971512,1.6864864864864864,0.8724909986342756,0.31063829787234043,0.40705128205128205,0.4741059379217274
"frozenset({'OverTime_Yes_True', 'JobLevel_-0.963503753471408'})","frozenset({'TotalWorkingYears_bin_nan', 'MonthlyIncome_bin_nan', 'Age_bin_nan', 'YearsAtCompany_bin_nan', 'AttritionLabel_Leave'})",0.10540540540540541,0.10270270270270271,0.04932432432432433,0.46794871794871795,4.5563427800269904,1.0,0.03849890430971512,1.6864864864864864,0.8724909986342756,0.31063829787234043,0.40705128205128205,0.4741059379217274
"frozenset({'Age_bin_nan', 'OverTime_Yes_True', 'JobLevel_-0.963503753471408'})","frozenset({'AttritionLabel_Leave', 'TotalWorkingYears_bin_nan', 'MonthlyIncome_bin_nan'})",0.10540540540540541,0.11283783783783784,0.05337837837837838,0.5064102564102564,4.487947182557961,1.0,0.04148466033601169,1.7973674973674973,0.8687521511338866,0.32377049180327877,0.44363075360790516,0.48973207431291266
"frozenset({'OverTime_Yes_True', 'JobLevel_-0.963503753471408'})","frozenset({'AttritionLabel_Leave', 'TotalWorkingYears_bin_nan', 'MonthlyIncome_bin_nan'})",0.10540540540540541,0.11283783783783784,0.05337837837837838,0.5064102564102564,4.487947182557961,1.0,0.04148466033601169,1.7973674973674973,0.8687521511338866,0.32377049180327877,0.44363075360790516,0.48973207431291266
"frozenset({'OverTime_Yes_True', 'JobLevel_-0.963503753471408'})","frozenset({'AttritionLabel_Leave', 'TotalWorkingYears_bin_nan', 'MonthlyIncome_bin_nan', 'Age_bin_nan'})",0.10540540540540541,0.11283783783783784,0.05337837837837838,0.5064102564102564,4.487947182557961,1.0,0.04148466033601169,1.7973674973674973,0.8687521511338866,0.32377049180327877,0.44363075360790516,0.48973207431291266
"frozenset({'TotalWorkingYears_bin_nan', 'YearsAtCompany_bin_nan', 'OverTime_Yes_True', 'JobLevel_-0.963503753471408'})","frozenset({'AttritionLabel_Leave', 'MonthlyIncome_bin_nan'})",0.0891891891891892,0.125,0.04932432432432433,0.553030303030303,4.424242424242424,1.0,0.038175675675675674,1.9576271186440677,0.8497622047884231,0.29918032786885246,0.4891774891774891,0.47381244881244877
"frozenset({'JobLevel_-0.963503753471408', 'TotalWorkingYears_bin_nan', 'Age_bin_nan', 'YearsAtCompany_bin_nan', 'OverTime_Yes_True'})","frozenset({'AttritionLabel_Leave', 'MonthlyIncome_bin_nan'})",0.0891891891891892,0.125,0.04932432432432433,0.553030303030303,4.424242424242424,1.0,0.038175675675675674,1.9576271186440677,0.8497622047884231,0.29918032786885246,0.4891774891774891,0.47381244881244877
"frozenset({'TotalWorkingYears_bin_nan', 'YearsAtCompany_bin_nan', 'OverTime_Yes_True', 'JobLevel_-0.963503753471408'})","frozenset({'AttritionLabel_Leave', 'MonthlyIncome_bin_nan', 'Age_bin_nan'})",0.0891891891891892,0.125,0.04932432432432433,0.553030303030303,4.424242424242424,1.0,0.038175675675675674,1.9576271186440677,0.8497622047884231,0.29918032786885246,0.4891774891774891,0.47381244881244877
"frozenset({'OverTime_Yes_True', 'JobLevel_-0.963503753471408'})","frozenset({'AttritionLabel_Leave', 'YearsAtCompany_bin_nan', 'MonthlyIncome_bin_nan'})",0.10540540540540541,0.10878378378378378,0.05,0.47435897435897434,4.360566969262622,1.0,0.0385336011687363,1.695484508899143,0.8614762799052829,0.3045267489711935,0.4101980910168931,0.4669931517757605
"frozenset({'Age_bin_nan', 'OverTime_Yes_True', 'JobLevel_-0.963503753471408'})","frozenset({'AttritionLabel_Leave', 'YearsAtCompany_bin_nan', 'MonthlyIncome_bin_nan'})",0.10540540540540541,0.10878378378378378,0.05,0.47435897435897434,4.360566969262622,1.0,0.0385336011687363,1.695484508899143,0.8614762799052829,0.3045267489711935,0.4101980910168931,0.4669931517757605
"frozenset({'OverTime_Yes_True', 'JobLevel_-0.963503753471408'})","frozenset({'AttritionLabel_Leave', 'YearsAtCompany_bin_nan', 'MonthlyIncome_bin_nan', 'Age_bin_nan'})",0.10540540540540541,0.10878378378378378,0.05,0.47435897435897434,4.360566969262622,1.0,0.0385336011687363,1.695484508899143,0.8614762799052829,0.3045267489711935,0.4101980910168931,0.4669931517757605
"frozenset({'Age_bin_nan', 'YearsAtCompany_bin_nan', 'OverTime_Yes_True', 'JobLevel_-0.963503753471408'})","frozenset({'AttritionLabel_Leave', 'MonthlyIncome_bin_nan'})",0.0918918918918919,0.125,0.05,0.5441176470588235,4.352941176470588,1.0,0.038513513513513516,1.9193548387096773,0.8482142857142856,0.29959514170040485,0.4789915966386554,0.47205882352941175
"frozenset({'YearsAtCompany_bin_nan', 'OverTime_Yes_True', 'JobLevel_-0.963503753471408'})","frozenset({'AttritionLabel_Leave', 'MonthlyIncome_bin_nan'})",0.0918918918918919,0.125,0.05,0.5441176470588235,4.352941176470588,1.0,0.038513513513513516,1.9193548387096773,0.8482142857142856,0.29959514170040485,0.4789915966386554,0.47205882352941175
"frozenset({'YearsAtCompany_bin_nan', 'OverTime_Yes_True', 'JobLevel_-0.963503753471408'})","frozenset({'AttritionLabel_Leave', 'MonthlyIncome_bin_nan', 'Age_bin_nan'})",0.0918918918918919,0.125,0.05,0.5441176470588235,4.352941176470588,1.0,0.038513513513513516,1.9193548387096773,0.8482142857142856,0.29959514170040485,0.4789915966386554,0.47205882352941175
"frozenset({'TotalWorkingYears_bin_nan', 'OverTime_Yes_True', 'JobLevel_-0.963503753471408'})","frozenset({'AttritionLabel_Leave', 'MonthlyIncome_bin_nan', 'Age_bin_nan'})",0.09864864864864865,0.125,0.05337837837837838,0.541095890410959,4.328767123287672,1.0,0.0410472972972973,1.9067164179104479,0.8531493746797488,0.31349206349206354,0.4755381604696674,0.484061458718993
"frozenset({'TotalWorkingYears_bin_nan', 'OverTime_Yes_True', 'JobLevel_-0.963503753471408'})","frozenset({'AttritionLabel_Leave', 'MonthlyIncome_bin_nan'})",0.09864864864864865,0.125,0.05337837837837838,0.541095890410959,4.328767123287672,1.0,0.0410472972972973,1.9067164179104479,0.8531493746797488,0.31349206349206354,0.4755381604696674,0.484061458718993
"frozenset({'Age_bin_nan', 'TotalWorkingYears_bin_nan', 'OverTime_Yes_True', 'JobLevel_-0.963503753471408'})","frozenset({'AttritionLabel_Leave', 'MonthlyIncome_bin_nan'})",0.09864864864864865,0.125,0.05337837837837838,0.541095890410959,4.328767123287672,1.0,0.0410472972972973,1.9067164179104479,0.8531493746797488,0.31349206349206354,0.4755381604696674,0.484061458718993
"frozenset({'Age_bin_nan', 'OverTime_Yes_True', 'JobLevel_-0.963503753471408'})","frozenset({'TotalWorkingYears_bin_nan', 'YearsAtCompany_bin_nan', 'AttritionLabel_Leave'})",0.10540540540540541,0.10878378378378378,0.04932432432432433,0.46794871794871795,4.30164038859691,1.0,0.037857925493060635,1.675056984695539,0.8579646567065349,0.29918032786885246,0.40300538480978204,0.46068243350852045
"frozenset({'OverTime_Yes_True', 'JobLevel_-0.963503753471408'})","frozenset({'TotalWorkingYears_bin_nan', 'YearsAtCompany_bin_nan', 'AttritionLabel_Leave'})",0.10540540540540541,0.10878378378378378,0.04932432432432433,0.46794871794871795,4.30164038859691,1.0,0.037857925493060635,1.675056984695539,0.8579646567065349,0.29918032786885246,0.40300538480978204,0.46068243350852045
"frozenset({'Age_bin_nan', 'OverTime_Yes_True', 'MonthlyIncome_bin_nan', 'JobLevel_-0.963503753471408'})","frozenset({'TotalWorkingYears_bin_nan', 'YearsAtCompany_bin_nan', 'AttritionLabel_Leave'})",0.10540540540540541,0.10878378378378378,0.04932432432432433,0.46794871794871795,4.30164038859691,1.0,0.037857925493060635,1.675056984695539,0.8579646567065349,0.29918032786885246,0.40300538480978204,0.46068243350852045
"frozenset({'OverTime_Yes_True', 'JobLevel_-0.963503753471408'})","frozenset({'TotalWorkingYears_bin_nan', 'YearsAtCompany_bin_nan', 'AttritionLabel_Leave', 'Age_bin_nan'})",0.10540540540540541,0.10878378378378378,0.04932432432432433,0.46794871794871795,4.30164038859691,1.0,0.037857925493060635,1.675056984695539,0.8579646567065349,0.29918032786885246,0.40300538480978204,0.46068243350852045
"frozenset({'OverTime_Yes_True', 'MonthlyIncome_bin_nan', 'JobLevel_-0.963503753471408'})","frozenset({'TotalWorkingYears_bin_nan', 'YearsAtCompany_bin_nan', 'AttritionLabel_Leave'})",0.10540540540540541,0.10878378378378378,0.04932432432432433,0.46794871794871795,4.30164038859691,1.0,0.037857925493060635,1.675056984695539,0.8579646567065349,0.29918032786885246,0.40300538480978204,0.46068243350852045
"frozenset({'OverTime_Yes_True', 'MonthlyIncome_bin_nan', 'JobLevel_-0.963503753471408'})","frozenset({'TotalWorkingYears_bin_nan', 'YearsAtCompany_bin_nan', 'AttritionLabel_Leave', 'Age_bin_nan'})",0.10540540540540541,0.10878378378378378,0.04932432432432433,0.46794871794871795,4.30164038859691,1.0,0.037857925493060635,1.675056984695539,0.8579646567065349,0.29918032786885246,0.40300538480978204,0.46068243350852045
"frozenset({'OverTime_Yes_True', 'JobLevel_-0.963503753471408'})","frozenset({'AttritionLabel_Leave', 'MonthlyIncome_bin_nan'})",0.10540540540540541,0.125,0.05540540540540541,0.5256410256410257,4.205128205128205,1.0,0.04222972972972973,1.8445945945945947,0.8520005894922997,0.31660231660231664,0.4578754578754579,0.48444213444213446
"frozenset({'Age_bin_nan', 'OverTime_Yes_True', 'JobLevel_-0.963503753471408'})","frozenset({'AttritionLabel_Leave', 'MonthlyIncome_bin_nan'})",0.10540540540540541,0.125,0.05540540540540541,0.5256410256410257,4.205128205128205,1.0,0.04222972972972973,1.8445945945945947,0.8520005894922997,0.31660231660231664,0.4578754578754579,0.48444213444213446
"frozenset({'OverTime_Yes_True', 'JobLevel_-0.963503753471408'})","frozenset({'AttritionLabel_Leave', 'MonthlyIncome_bin_nan', 'Age_bin_nan'})",0.10540540540540541,0.125,0.05540540540540541,0.5256410256410257,4.205128205128205,1.0,0.04222972972972973,1.8445945945945947,0.8520005894922997,0.31660231660231664,0.4578754578754579,0.48444213444213446
"frozenset({'JobLevel_-0.963503753471408', 'MonthlyIncome_bin_nan', 'Age_bin_nan', 'YearsAtCompany_bin_nan', 'OverTime_Yes_True'})","frozenset({'TotalWorkingYears_bin_nan', 'AttritionLabel_Leave'})",0.0918918918918919,0.1277027027027027,0.04932432432432433,0.5367647058823529,4.203236850295673,1.0,0.03758948137326516,1.883054483054483,0.8392041748206133,0.2896825396825397,0.46894791998906454,0.4615040460628696
"frozenset({'YearsAtCompany_bin_nan', 'OverTime_Yes_True', 'JobLevel_-0.963503753471408'})","frozenset({'TotalWorkingYears_bin_nan', 'AttritionLabel_Leave'})",0.0918918918918919,0.1277027027027027,0.04932432432432433,0.5367647058823529,4.203236850295673,1.0,0.03758948137326516,1.883054483054483,0.8392041748206133,0.2896825396825397,0.46894791998906454,0.4615040460628696
"frozenset({'YearsAtCompany_bin_nan', 'OverTime_Yes_True', 'JobLevel_-0.963503753471408'})","frozenset({'TotalWorkingYears_bin_nan', 'AttritionLabel_Leave', 'Age_bin_nan'})",0.0918918918918919,0.1277027027027027,0.04932432432432433,0.5367647058823529,4.203236850295673,1.0,0.03758948137326516,1.883054483054483,0.8392041748206133,0.2896825396825397,0.46894791998906454,0.4615040460628696
"frozenset({'OverTime_Yes_True', 'YearsAtCompany_bin_nan', 'MonthlyIncome_bin_nan', 'JobLevel_-0.963503753471408'})","frozenset({'TotalWorkingYears_bin_nan', 'AttritionLabel_Leave', 'Age_bin_nan'})",0.0918918918918919,0.1277027027027027,0.04932432432432433,0.5367647058823529,4.203236850295673,1.0,0.03758948137326516,1.883054483054483,0.8392041748206133,0.2896825396825397,0.46894791998906454,0.4615040460628696
"frozenset({'OverTime_Yes_True', 'YearsAtCompany_bin_nan', 'MonthlyIncome_bin_nan', 'JobLevel_-0.963503753471408'})","frozenset({'TotalWorkingYears_bin_nan', 'AttritionLabel_Leave'})",0.0918918918918919,0.1277027027027027,0.04932432432432433,0.5367647058823529,4.203236850295673,1.0,0.03758948137326516,1.883054483054483,0.8392041748206133,0.2896825396825397,0.46894791998906454,0.4615040460628696
"frozenset({'Age_bin_nan', 'YearsAtCompany_bin_nan', 'OverTime_Yes_True', 'JobLevel_-0.963503753471408'})","frozenset({'TotalWorkingYears_bin_nan', 'AttritionLabel_Leave'})",0.0918918918918919,0.1277027027027027,0.04932432432432433,0.5367647058823529,4.203236850295673,1.0,0.03758948137326516,1.883054483054483,0.8392041748206133,0.2896825396825397,0.46894791998906454,0.4615040460628696
"frozenset({'TotalWorkingYears_bin_nan', 'YearsAtCompany_bin_nan', 'MonthlyIncome_bin_nan', 'OverTime_Yes_True'})","frozenset({'Age_bin_nan', 'AttritionLabel_Leave', 'JobLevel_-0.963503753471408'})",0.12364864864864865,0.09662162162162162,0.04932432432432433,0.3989071038251366,4.128549046581833,1.0,0.03737719138056976,1.5028931203931204,0.8647035836123403,0.2885375494071146,0.33461668935018857,0.45469830715732357
"frozenset({'TotalWorkingYears_bin_nan', 'YearsAtCompany_bin_nan', 'MonthlyIncome_bin_nan', 'OverTime_Yes_True'})","frozenset({'AttritionLabel_Leave', 'JobLevel_-0.963503753471408'})",0.12364864864864865,0.09662162162162162,0.04932432432432433,0.3989071038251366,4.128549046581833,1.0,0.03737719138056976,1.5028931203931204,0.8647035836123403,0.2885375494071146,0.33461668935018857,0.45469830715732357
"frozenset({'TotalWorkingYears_bin_nan', 'MonthlyIncome_bin_nan', 'Age_bin_nan', 'YearsAtCompany_bin_nan', 'OverTime_Yes_True'})","frozenset({'AttritionLabel_Leave', 'JobLevel_-0.963503753471408'})",0.12364864864864865,0.09662162162162162,0.04932432432432433,0.3989071038251366,4.128549046581833,1.0,0.03737719138056976,1.5028931203931204,0.8647035836123403,0.2885375494071146,0.33461668935018857,0.45469830715732357
"frozenset({'TotalWorkingYears_bin_nan', 'OverTime_Yes_True', 'JobLevel_-0.963503753471408'})","frozenset({'YearsAtCompany_bin_nan', 'AttritionLabel_Leave'})",0.09864864864864865,0.12364864864864865,0.04932432432432433,0.5,4.043715846994536,1.0,0.03712655222790358,1.7527027027027027,0.8350824587706146,0.28515625,0.42945258288357746,0.4494535519125683
"frozenset({'JobLevel_-0.963503753471408', 'TotalWorkingYears_bin_nan', 'MonthlyIncome_bin_nan', 'Age_bin_nan', 'OverTime_Yes_True'})","frozenset({'YearsAtCompany_bin_nan', 'AttritionLabel_Leave'})",0.09864864864864865,0.12364864864864865,0.04932432432432433,0.5,4.043715846994536,1.0,0.03712655222790358,1.7527027027027027,0.8350824587706146,0.28515625,0.42945258288357746,0.4494535519125683
"frozenset({'TotalWorkingYears_bin_nan', 'OverTime_Yes_True', 'MonthlyIncome_bin_nan', 'JobLevel_-0.963503753471408'})","frozenset({'YearsAtCompany_bin_nan', 'AttritionLabel_Leave', 'Age_bin_nan'})",0.09864864864864865,0.12364864864864865,0.04932432432432433,0.5,4.043715846994536,1.0,0.03712655222790358,1.7527027027027027,0.8350824587706146,0.28515625,0.42945258288357746,0.4494535519125683
"frozenset({'Age_bin_nan', 'TotalWorkingYears_bin_nan', 'OverTime_Yes_True', 'JobLevel_-0.963503753471408'})","frozenset({'YearsAtCompany_bin_nan', 'AttritionLabel_Leave'})",0.09864864864864865,0.12364864864864865,0.04932432432432433,0.5,4.043715846994536,1.0,0.03712655222790358,1.7527027027027027,0.8350824587706146,0.28515625,0.42945258288357746,0.4494535519125683
"frozenset({'TotalWorkingYears_bin_nan', 'OverTime_Yes_True', 'JobLevel_-0.963503753471408'})","frozenset({'YearsAtCompany_bin_nan', 'AttritionLabel_Leave', 'Age_bin_nan'})",0.09864864864864865,0.12364864864864865,0.04932432432432433,0.5,4.043715846994536,1.0,0.03712655222790358,1.7527027027027027,0.8350824587706146,0.28515625,0.42945258288357746,0.4494535519125683
"frozenset({'TotalWorkingYears_bin_nan', 'OverTime_Yes_True', 'MonthlyIncome_bin_nan', 'JobLevel_-0.963503753471408'})","frozenset({'YearsAtCompany_bin_nan', 'AttritionLabel_Leave'})",0.09864864864864865,0.12364864864864865,0.04932432432432433,0.5,4.043715846994536,1.0,0.03712655222790358,1.7527027027027027,0.8350824587706146,0.28515625,0.42945258288357746,0.4494535519125683
"frozenset({'OverTime_Yes_True', 'MonthlyIncome_bin_nan', 'JobLevel_-0.963503753471408'})","frozenset({'TotalWorkingYears_bin_nan', 'AttritionLabel_Leave', 'Age_bin_nan'})",0.10540540540540541,0.1277027027027027,0.05337837837837838,0.5064102564102564,3.965540632207299,1.0,0.03991782322863404,1.7672516672516672,0.8359401889173582,0.29699248120300753,0.43414963554390357,0.4621998371998372
"frozenset({'Age_bin_nan', 'OverTime_Yes_True', 'JobLevel_-0.963503753471408'})","frozenset({'TotalWorkingYears_bin_nan', 'AttritionLabel_Leave'})",0.10540540540540541,0.1277027027027027,0.05337837837837838,0.5064102564102564,3.965540632207299,1.0,0.03991782322863404,1.7672516672516672,0.8359401889173582,0.29699248120300753,0.43414963554390357,0.4621998371998372
"frozenset({'Age_bin_nan', 'OverTime_Yes_True', 'MonthlyIncome_bin_nan', 'JobLevel_-0.963503753471408'})","frozenset({'TotalWorkingYears_bin_nan', 'AttritionLabel_Leave'})",0.10540540540540541,0.1277027027027027,0.05337837837837838,0.5064102564102564,3.965540632207299,1.0,0.03991782322863404,1.7672516672516672,0.8359401889173582,0.29699248120300753,0.43414963554390357,0.4621998371998372
"frozenset({'OverTime_Yes_True', 'MonthlyIncome_bin_nan', 'JobLevel_-0.963503753471408'})","frozenset({'TotalWorkingYears_bin_nan', 'AttritionLabel_Leave'})",0.10540540540540541,0.1277027027027027,0.05337837837837838,0.5064102564102564,3.965540632207299,1.0,0.03991782322863404,1.7672516672516672,0.8359401889173582,0.29699248120300753,0.43414963554390357,0.4621998371998372
"frozenset({'OverTime_Yes_True', 'JobLevel_-0.963503753471408'})","frozenset({'TotalWorkingYears_bin_nan', 'AttritionLabel_Leave', 'Age_bin_nan'})",0.10540540540540541,0.1277027027027027,0.05337837837837838,0.5064102564102564,3.965540632207299,1.0,0.03991782322863404,1.7672516672516672,0.8359401889173582,0.29699248120300753,0.43414963554390357,0.4621998371998372
"frozenset({'OverTime_Yes_True', 'JobLevel_-0.963503753471408'})","frozenset({'TotalWorkingYears_bin_nan', 'AttritionLabel_Leave'})",0.10540540540540541,0.1277027027027027,0.05337837837837838,0.5064102564102564,3.965540632207299,1.0,0.03991782322863404,1.7672516672516672,0.8359401889173582,0.29699248120300753,0.43414963554390357,0.4621998371998372
"frozenset({'OverTime_Yes_True', 'YearsAtCompany_bin_nan', 'MonthlyIncome_bin_nan', 'Age_bin_nan'})","frozenset({'TotalWorkingYears_bin_nan', 'AttritionLabel_Leave', 'JobLevel_-0.963503753471408'})",0.13986486486486485,0.0918918918918919,0.04932432432432433,0.35265700483091794,3.8377379937482243,1.0,0.036471877282688095,1.4028237192416297,0.8596670576461599,0.27037037037037037,0.2871520588911894,0.44471085535663546
"frozenset({'YearsAtCompany_bin_nan', 'MonthlyIncome_bin_nan', 'OverTime_Yes_True'})","frozenset({'TotalWorkingYears_bin_nan', 'AttritionLabel_Leave', 'JobLevel_-0.963503753471408'})",0.13986486486486485,0.0918918918918919,0.04932432432432433,0.35265700483091794,3.8377379937482243,1.0,0.036471877282688095,1.4028237192416297,0.8596670576461599,0.27037037037037037,0.2871520588911894,0.44471085535663546
"frozenset({'YearsAtCompany_bin_nan', 'MonthlyIncome_bin_nan', 'OverTime_Yes_True'})","frozenset({'Age_bin_nan', 'TotalWorkingYears_bin_nan', 'AttritionLabel_Leave', 'JobLevel_-0.963503753471408'})",0.13986486486486485,0.0918918918918919,0.04932432432432433,0.35265700483091794,3.8377379937482243,1.0,0.036471877282688095,1.4028237192416297,0.8596670576461599,0.27037037037037037,0.2871520588911894,0.44471085535663546
"frozenset({'OverTime_Yes_True', 'MonthlyIncome_bin_nan', 'JobLevel_-0.963503753471408'})","frozenset({'YearsAtCompany_bin_nan', 'AttritionLabel_Leave'})",0.10540540540540541,0.12364864864864865,0.05,0.47435897435897434,3.836345803558918,1.0,0.03696676406135866,1.6672050098879365,0.8264472932146649,0.2792452830188679,0.4001937409801712,0.43936527952921395
"frozenset({'OverTime_Yes_True', 'JobLevel_-0.963503753471408'})","frozenset({'YearsAtCompany_bin_nan', 'AttritionLabel_Leave', 'Age_bin_nan'})",0.10540540540540541,0.12364864864864865,0.05,0.47435897435897434,3.836345803558918,1.0,0.03696676406135866,1.6672050098879365,0.8264472932146649,0.2792452830188679,0.4001937409801712,0.43936527952921395
"frozenset({'Age_bin_nan', 'OverTime_Yes_True', 'MonthlyIncome_bin_nan', 'JobLevel_-0.963503753471408'})","frozenset({'YearsAtCompany_bin_nan', 'AttritionLabel_Leave'})",0.10540540540540541,0.12364864864864865,0.05,0.47435897435897434,3.836345803558918,1.0,0.03696676406135866,1.6672050098879365,0.8264472932146649,0.2792452830188679,0.4001937409801712,0.43936527952921395
"frozenset({'OverTime_Yes_True', 'JobLevel_-0.963503753471408'})","frozenset({'YearsAtCompany_bin_nan', 'AttritionLabel_Leave'})",0.10540540540540541,0.12364864864864865,0.05,0.47435897435897434,3.836345803558918,1.0,0.03696676406135866,1.6672050098879365,0.8264472932146649,0.2792452830188679,0.4001937409801712,0.43936527952921395
"frozenset({'OverTime_Yes_True', 'MonthlyIncome_bin_nan', 'JobLevel_-0.963503753471408'})","frozenset({'YearsAtCompany_bin_nan', 'AttritionLabel_Leave', 'Age_bin_nan'})",0.10540540540540541,0.12364864864864865,0.05,0.47435897435897434,3.836345803558918,1.0,0.03696676406135866,1.6672050098879365,0.8264472932146649,0.2792452830188679,0.4001937409801712,0.43936527952921395
"frozenset({'Age_bin_nan', 'OverTime_Yes_True', 'JobLevel_-0.963503753471408'})","frozenset({'YearsAtCompany_bin_nan', 'AttritionLabel_Leave'})",0.10540540540540541,0.12364864864864865,0.05,0.47435897435897434,3.836345803558918,1.0,0.03696676406135866,1.6672050098879365,0.8264472932146649,0.2792452830188679,0.4001937409801712,0.43936527952921395
"frozenset({'YearsAtCompany_bin_nan', 'MonthlyIncome_bin_nan', 'OverTime_Yes_True'})","frozenset({'Age_bin_nan', 'AttritionLabel_Leave', 'JobLevel_-0.963503753471408'})",0.13986486486486485,0.09662162162162162,0.05,0.35748792270531404,3.6998750042228306,1.0,0.03648602994886779,1.406009957325747,0.8483790153075307,0.26811594202898553,0.2887674836229355,0.43748522009391577
"frozenset({'OverTime_Yes_True', 'YearsAtCompany_bin_nan', 'MonthlyIncome_bin_nan', 'Age_bin_nan'})","frozenset({'AttritionLabel_Leave', 'JobLevel_-0.963503753471408'})",0.13986486486486485,0.09662162162162162,0.05,0.35748792270531404,3.6998750042228306,1.0,0.03648602994886779,1.406009957325747,0.8483790153075307,0.26811594202898553,0.2887674836229355,0.43748522009391577
"frozenset({'YearsAtCompany_bin_nan', 'MonthlyIncome_bin_nan', 'OverTime_Yes_True'})","frozenset({'AttritionLabel_Leave', 'JobLevel_-0.963503753471408'})",0.13986486486486485,0.09662162162162162,0.05,0.35748792270531404,3.6998750042228306,1.0,0.03648602994886779,1.406009957325747,0.8483790153075307,0.26811594202898553,0.2887674836229355,0.43748522009391577
"frozenset({'TotalWorkingYears_bin_nan', 'YearsAtCompany_bin_nan', 'OverTime_Yes_True'})","frozenset({'Age_bin_nan', 'AttritionLabel_Leave', 'JobLevel_-0.963503753471408'})",0.13851351351351351,0.09662162162162162,0.04932432432432433,0.3560975609756098,3.6854852464608565,1.0,0.03594092403214025,1.402973996723997,0.8458232608111736,0.2654545454545455,0.2872284145429338,0.43329353573256013
"frozenset({'TotalWorkingYears_bin_nan', 'YearsAtCompany_bin_nan', 'OverTime_Yes_True'})","frozenset({'AttritionLabel_Leave', 'MonthlyIncome_bin_nan', 'JobLevel_-0.963503753471408'})",0.13851351351351351,0.09662162162162162,0.04932432432432433,0.3560975609756098,3.6854852464608565,1.0,0.03594092403214025,1.402973996723997,0.8458232608111736,0.2654545454545455,0.2872284145429338,0.43329353573256013
"frozenset({'TotalWorkingYears_bin_nan', 'YearsAtCompany_bin_nan', 'OverTime_Yes_True', 'Age_bin_nan'})","frozenset({'AttritionLabel_Leave', 'JobLevel_-0.963503753471408'})",0.13851351351351351,0.09662162162162162,0.04932432432432433,0.3560975609756098,3.6854852464608565,1.0,0.03594092403214025,1.402973996723997,0.8458232608111736,0.2654545454545455,0.2872284145429338,0.43329353573256013
"frozenset({'TotalWorkingYears_bin_nan', 'YearsAtCompany_bin_nan', 'OverTime_Yes_True'})","frozenset({'AttritionLabel_Leave', 'JobLevel_-0.963503753471408'})",0.13851351351351351,0.09662162162162162,0.04932432432432433,0.3560975609756098,3.6854852464608565,1.0,0.03594092403214025,1.402973996723997,0.8458232608111736,0.2654545454545455,0.2872284145429338,0.43329353573256013
"frozenset({'TotalWorkingYears_bin_nan', 'YearsAtCompany_bin_nan', 'OverTime_Yes_True'})","frozenset({'Age_bin_nan', 'AttritionLabel_Leave', 'MonthlyIncome_bin_nan', 'JobLevel_-0.963503753471408'})",0.13851351351351351,0.09662162162162162,0.04932432432432433,0.3560975609756098,3.6854852464608565,1.0,0.03594092403214025,1.402973996723997,0.8458232608111736,0.2654545454545455,0.2872284145429338,0.43329353573256013
"frozenset({'TotalWorkingYears_bin_nan', 'YearsAtCompany_bin_nan', 'OverTime_Yes_True', 'Age_bin_nan'})","frozenset({'AttritionLabel_Leave', 'MonthlyIncome_bin_nan', 'JobLevel_-0.963503753471408'})",0.13851351351351351,0.09662162162162162,0.04932432432432433,0.3560975609756098,3.6854852464608565,1.0,0.03594092403214025,1.402973996723997,0.8458232608111736,0.2654545454545455,0.2872284145429338,0.43329353573256013
"frozenset({'TotalWorkingYears_bin_nan', 'OverTime_Yes_True', 'MonthlyIncome_bin_nan', 'Age_bin_nan'})","frozenset({'YearsAtCompany_bin_nan', 'AttritionLabel_Leave', 'JobLevel_-0.963503753471408'})",0.15202702702702703,0.08851351351351351,0.04932432432432433,0.3244444444444445,3.6654792196776933,1.0,0.03586787801314829,1.349239864864865,0.8575560770616165,0.2579505300353357,0.2588419405320814,0.4408481764206955
"frozenset({'TotalWorkingYears_bin_nan', 'OverTime_Yes_True', 'MonthlyIncome_bin_nan'})","frozenset({'YearsAtCompany_bin_nan', 'AttritionLabel_Leave', 'JobLevel_-0.963503753471408'})",0.15202702702702703,0.08851351351351351,0.04932432432432433,0.3244444444444445,3.6654792196776933,1.0,0.03586787801314829,1.349239864864865,0.8575560770616165,0.2579505300353357,0.2588419405320814,0.4408481764206955
"frozenset({'TotalWorkingYears_bin_nan', 'OverTime_Yes_True', 'MonthlyIncome_bin_nan'})","frozenset({'Age_bin_nan', 'YearsAtCompany_bin_nan', 'AttritionLabel_Leave', 'JobLevel_-0.963503753471408'})",0.15202702702702703,0.08851351351351351,0.04932432432432433,0.3244444444444445,3.6654792196776933,1.0,0.03586787801314829,1.349239864864865,0.8575560770616165,0.2579505300353357,0.2588419405320814,0.4408481764206955
"frozenset({'TotalWorkingYears_bin_nan', 'OverTime_Yes_True', 'MonthlyIncome_bin_nan'})","frozenset({'AttritionLabel_Leave', 'JobLevel_-0.963503753471408'})",0.15202702702702703,0.09662162162162162,0.05337837837837838,0.35111111111111115,3.6338772338772345,1.0,0.038689280496712934,1.3921927064050352,0.8547581824600333,0.27335640138408307,0.28170863458821577,0.4517793317793318
"frozenset({'TotalWorkingYears_bin_nan', 'OverTime_Yes_True', 'MonthlyIncome_bin_nan'})","frozenset({'Age_bin_nan', 'AttritionLabel_Leave', 'JobLevel_-0.963503753471408'})",0.15202702702702703,0.09662162162162162,0.05337837837837838,0.35111111111111115,3.6338772338772345,1.0,0.038689280496712934,1.3921927064050352,0.8547581824600333,0.27335640138408307,0.28170863458821577,0.4517793317793318
"frozenset({'TotalWorkingYears_bin_nan', 'OverTime_Yes_True', 'MonthlyIncome_bin_nan', 'Age_bin_nan'})","frozenset({'AttritionLabel_Leave', 'JobLevel_-0.963503753471408'})",0.15202702702702703,0.09662162162162162,0.05337837837837838,0.35111111111111115,3.6338772338772345,1.0,0.038689280496712934,1.3921927064050352,0.8547581824600333,0.27335640138408307,0.28170863458821577,0.4517793317793318
"frozenset({'JobLevel_-0.963503753471408', 'TotalWorkingYears_bin_nan', 'MonthlyIncome_bin_nan', 'YearsAtCompany_bin_nan', 'OverTime_Yes_True'})",frozenset({'AttritionLabel_Leave'}),0.0891891891891892,0.1608108108108108,0.04932432432432433,0.553030303030303,3.439011968423733,1.0,0.03498173849525201,1.8775080164910671,0.7786675338400878,0.2457912457912458,0.4673791050602644,0.42987649605296663
"frozenset({'JobLevel_-0.963503753471408', 'TotalWorkingYears_bin_nan', 'MonthlyIncome_bin_nan', 'YearsAtCompany_bin_nan', 'OverTime_Yes_True'})","frozenset({'AttritionLabel_Leave', 'Age_bin_nan'})",0.0891891891891892,0.1608108108108108,0.04932432432432433,0.553030303030303,3.439011968423733,1.0,0.03498173849525201,1.8775080164910671,0.7786675338400878,0.2457912457912458,0.4673791050602644,0.42987649605296663
"frozenset({'JobLevel_-0.963503753471408', 'TotalWorkingYears_bin_nan', 'MonthlyIncome_bin_nan', 'Age_bin_nan', 'YearsAtCompany_bin_nan', 'OverTime_Yes_True'})",frozenset({'AttritionLabel_Leave'}),0.0891891891891892,0.1608108108108108,0.04932432432432433,0.553030303030303,3.439011968423733,1.0,0.03498173849525201,1.8775080164910671,0.7786675338400878,0.2457912457912458,0.4673791050602644,0.42987649605296663
"frozenset({'TotalWorkingYears_bin_nan', 'YearsAtCompany_bin_nan', 'OverTime_Yes_True', 'JobLevel_-0.963503753471408'})","frozenset({'AttritionLabel_Leave', 'Age_bin_nan'})",0.0891891891891892,0.1608108108108108,0.04932432432432433,0.553030303030303,3.439011968423733,1.0,0.03498173849525201,1.8775080164910671,0.7786675338400878,0.2457912457912458,0.4673791050602644,0.42987649605296663
"frozenset({'JobLevel_-0.963503753471408', 'TotalWorkingYears_bin_nan', 'Age_bin_nan', 'YearsAtCompany_bin_nan', 'OverTime_Yes_True'})",frozenset({'AttritionLabel_Leave'}),0.0891891891891892,0.1608108108108108,0.04932432432432433,0.553030303030303,3.439011968423733,1.0,0.03498173849525201,1.8775080164910671,0.7786675338400878,0.2457912457912458,0.4673791050602644,0.42987649605296663
"frozenset({'TotalWorkingYears_bin_nan', 'YearsAtCompany_bin_nan', 'OverTime_Yes_True', 'JobLevel_-0.963503753471408'})",frozenset({'AttritionLabel_Leave'}),0.0891891891891892,0.1608108108108108,0.04932432432432433,0.553030303030303,3.439011968423733,1.0,0.03498173849525201,1.8775080164910671,0.7786675338400878,0.2457912457912458,0.4673791050602644,0.42987649605296663
"frozenset({'Age_bin_nan', 'YearsAtCompany_bin_nan', 'OverTime_Yes_True', 'JobLevel_-0.963503753471408'})",frozenset({'AttritionLabel_Leave'}),0.0918918918918919,0.1608108108108108,0.05,0.5441176470588235,3.3835887296094906,1.0,0.0352227903579255,1.8408020924149955,0.7757400257400258,0.2466666666666667,0.45675854883016004,0.4275210084033613
"frozenset({'JobLevel_-0.963503753471408', 'MonthlyIncome_bin_nan', 'Age_bin_nan', 'YearsAtCompany_bin_nan', 'OverTime_Yes_True'})",frozenset({'AttritionLabel_Leave'}),0.0918918918918919,0.1608108108108108,0.05,0.5441176470588235,3.3835887296094906,1.0,0.0352227903579255,1.8408020924149955,0.7757400257400258,0.2466666666666667,0.45675854883016004,0.4275210084033613
"frozenset({'OverTime_Yes_True', 'YearsAtCompany_bin_nan', 'MonthlyIncome_bin_nan', 'JobLevel_-0.963503753471408'})",frozenset({'AttritionLabel_Leave'}),0.0918918918918919,0.1608108108108108,0.05,0.5441176470588235,3.3835887296094906,1.0,0.0352227903579255,1.8408020924149955,0.7757400257400258,0.2466666666666667,0.45675854883016004,0.4275210084033613
"frozenset({'YearsAtCompany_bin_nan', 'OverTime_Yes_True', 'JobLevel_-0.963503753471408'})","frozenset({'AttritionLabel_Leave', 'Age_bin_nan'})",0.0918918918918919,0.1608108108108108,0.05,0.5441176470588235,3.3835887296094906,1.0,0.0352227903579255,1.8408020924149955,0.7757400257400258,0.2466666666666667,0.45675854883016004,0.4275210084033613
"frozenset({'YearsAtCompany_bin_nan', 'OverTime_Yes_True', 'JobLevel_-0.963503753471408'})",frozenset({'AttritionLabel_Leave'}),0.0918918918918919,0.1608108108108108,0.05,0.5441176470588235,3.3835887296094906,1.0,0.0352227903579255,1.8408020924149955,0.7757400257400258,0.2466666666666667,0.45675854883016004,0.4275210084033613
"frozenset({'OverTime_Yes_True', 'YearsAtCompany_bin_nan', 'MonthlyIncome_bin_nan', 'JobLevel_-0.963503753471408'})","frozenset({'AttritionLabel_Leave', 'Age_bin_nan'})",0.0918918918918919,0.1608108108108108,0.05,0.5441176470588235,3.3835887296094906,1.0,0.0352227903579255,1.8408020924149955,0.7757400257400258,0.2466666666666667,0.45675854883016004,0.4275210084033613
"frozenset({'TotalWorkingYears_bin_nan', 'OverTime_Yes_True', 'MonthlyIncome_bin_nan', 'JobLevel_-0.963503753471408'})","frozenset({'AttritionLabel_Leave', 'Age_bin_nan'})",0.09864864864864865,0.1608108108108108,0.05337837837837838,0.541095890410959,3.3647979739841145,1.0,0.0375146092037984,1.828680919725696,0.7797240620196232,0.25901639344262295,0.4531577438069398,0.43651433176010135
"frozenset({'TotalWorkingYears_bin_nan', 'OverTime_Yes_True', 'MonthlyIncome_bin_nan', 'JobLevel_-0.963503753471408'})",frozenset({'AttritionLabel_Leave'}),0.09864864864864865,0.1608108108108108,0.05337837837837838,0.541095890410959,3.3647979739841145,1.0,0.0375146092037984,1.828680919725696,0.7797240620196232,0.25901639344262295,0.4531577438069398,0.43651433176010135
"frozenset({'JobLevel_-0.963503753471408', 'TotalWorkingYears_bin_nan', 'MonthlyIncome_bin_nan', 'Age_bin_nan', 'OverTime_Yes_True'})",frozenset({'AttritionLabel_Leave'}),0.09864864864864865,0.1608108108108108,0.05337837837837838,0.541095890410959,3.3647979739841145,1.0,0.0375146092037984,1.828680919725696,0.7797240620196232,0.25901639344262295,0.4531577438069398,0.43651433176010135
"frozenset({'TotalWorkingYears_bin_nan', 'OverTime_Yes_True', 'JobLevel_-0.963503753471408'})",frozenset({'AttritionLabel_Leave'}),0.09864864864864865,0.1608108108108108,0.05337837837837838,0.541095890410959,3.3647979739841145,1.0,0.0375146092037984,1.828680919725696,0.7797240620196232,0.25901639344262295,0.4531577438069398,0.43651433176010135
"frozenset({'Age_bin_nan', 'TotalWorkingYears_bin_nan', 'OverTime_Yes_True', 'JobLevel_-0.963503753471408'})",frozenset({'AttritionLabel_Leave'}),0.09864864864864865,0.1608108108108108,0.05337837837837838,0.541095890410959,3.3647979739841145,1.0,0.0375146092037984,1.828680919725696,0.7797240620196232,0.25901639344262295,0.4531577438069398,0.43651433176010135
"frozenset({'TotalWorkingYears_bin_nan', 'OverTime_Yes_True', 'JobLevel_-0.963503753471408'})","frozenset({'AttritionLabel_Leave', 'Age_bin_nan'})",0.09864864864864865,0.1608108108108108,0.05337837837837838,0.541095890410959,3.3647979739841145,1.0,0.0375146092037984,1.828680919725696,0.7797240620196232,0.25901639344262295,0.4531577438069398,0.43651433176010135
"frozenset({'TotalWorkingYears_bin_nan', 'YearsAtCompany_bin_nan', 'OverTime_Yes_True'})","frozenset({'AttritionLabel_Leave', 'MonthlyIncome_bin_nan'})",0.13851351351351351,0.125,0.05675675675675676,0.40975609756097564,3.278048780487805,1.0,0.039442567567567574,1.4824380165289257,0.8066760037348274,0.2745098039215687,0.32543554006968645,0.43190507580751486
"frozenset({'TotalWorkingYears_bin_nan', 'YearsAtCompany_bin_nan', 'OverTime_Yes_True', 'Age_bin_nan'})","frozenset({'AttritionLabel_Leave', 'MonthlyIncome_bin_nan'})",0.13851351351351351,0.125,0.05675675675675676,0.40975609756097564,3.278048780487805,1.0,0.039442567567567574,1.4824380165289257,0.8066760037348274,0.2745098039215687,0.32543554006968645,0.43190507580751486
"frozenset({'TotalWorkingYears_bin_nan', 'YearsAtCompany_bin_nan', 'OverTime_Yes_True'})","frozenset({'AttritionLabel_Leave', 'MonthlyIncome_bin_nan', 'Age_bin_nan'})",0.13851351351351351,0.125,0.05675675675675676,0.40975609756097564,3.278048780487805,1.0,0.039442567567567574,1.4824380165289257,0.8066760037348274,0.2745098039215687,0.32543554006968645,0.43190507580751486
"frozenset({'Age_bin_nan', 'OverTime_Yes_True', 'MonthlyIncome_bin_nan', 'JobLevel_-0.963503753471408'})",frozenset({'AttritionLabel_Leave'}),0.10540540540540541,0.1608108108108108,0.05540540540540541,0.5256410256410257,3.2686920922215044,1.0,0.03845507669831995,1.769101533966399,0.7758455530174638,0.26282051282051283,0.43474131879928984,0.43508942038353804
"frozenset({'OverTime_Yes_True', 'JobLevel_-0.963503753471408'})",frozenset({'AttritionLabel_Leave'}),0.10540540540540541,0.1608108108108108,0.05540540540540541,0.5256410256410257,3.2686920922215044,1.0,0.03845507669831995,1.769101533966399,0.7758455530174638,0.26282051282051283,0.43474131879928984,0.43508942038353804
"frozenset({'OverTime_Yes_True', 'MonthlyIncome_bin_nan', 'JobLevel_-0.963503753471408'})",frozenset({'AttritionLabel_Leave'}),0.10540540540540541,0.1608108108108108,0.05540540540540541,0.5256410256410257,3.2686920922215044,1.0,0.03845507669831995,1.769101533966399,0.7758455530174638,0.26282051282051283,0.43474131879928984,0.43508942038353804
"frozenset({'OverTime_Yes_True', 'MonthlyIncome_bin_nan', 'JobLevel_-0.963503753471408'})","frozenset({'AttritionLabel_Leave', 'Age_bin_nan'})",0.10540540540540541,0.1608108108108108,0.05540540540540541,0.5256410256410257,3.2686920922215044,1.0,0.03845507669831995,1.769101533966399,0.7758455530174638,0.26282051282051283,0.43474131879928984,0.43508942038353804
"frozenset({'Age_bin_nan', 'OverTime_Yes_True', 'JobLevel_-0.963503753471408'})",frozenset({'AttritionLabel_Leave'}),0.10540540540540541,0.1608108108108108,0.05540540540540541,0.5256410256410257,3.2686920922215044,1.0,0.03845507669831995,1.769101533966399,0.7758455530174638,0.26282051282051283,0.43474131879928984,0.43508942038353804
"frozenset({'OverTime_Yes_True', 'JobLevel_-0.963503753471408'})","frozenset({'AttritionLabel_Leave', 'Age_bin_nan'})",0.10540540540540541,0.1608108108108108,0.05540540540540541,0.5256410256410257,3.2686920922215044,1.0,0.03845507669831995,1.769101533966399,0.7758455530174638,0.26282051282051283,0.43474131879928984,0.43508942038353804
"frozenset({'OverTime_Yes_True', 'YearsAtCompany_bin_nan', 'MonthlyIncome_bin_nan', 'Age_bin_nan'})","frozenset({'TotalWorkingYears_bin_nan', 'AttritionLabel_Leave'})",0.13986486486486485,0.1277027027027027,0.05675675675675676,0.40579710144927544,3.1776704240472364,1.0,0.03889563550036523,1.468012524719842,0.7967399842890809,0.2692307692307693,0.31880690173890597,0.42512077294685996
"frozenset({'YearsAtCompany_bin_nan', 'MonthlyIncome_bin_nan', 'OverTime_Yes_True'})","frozenset({'TotalWorkingYears_bin_nan', 'AttritionLabel_Leave', 'Age_bin_nan'})",0.13986486486486485,0.1277027027027027,0.05675675675675676,0.40579710144927544,3.1776704240472364,1.0,0.03889563550036523,1.468012524719842,0.7967399842890809,0.2692307692307693,0.31880690173890597,0.42512077294685996
"frozenset({'YearsAtCompany_bin_nan', 'MonthlyIncome_bin_nan', 'OverTime_Yes_True'})","frozenset({'TotalWorkingYears_bin_nan', 'AttritionLabel_Leave'})",0.13986486486486485,0.1277027027027027,0.05675675675675676,0.40579710144927544,3.1776704240472364,1.0,0.03889563550036523,1.468012524719842,0.7967399842890809,0.2692307692307693,0.31880690173890597,0.42512077294685996
"frozenset({'TotalWorkingYears_bin_nan', 'OverTime_Yes_True', 'MonthlyIncome_bin_nan'})","frozenset({'YearsAtCompany_bin_nan', 'AttritionLabel_Leave'})",0.15202702702702703,0.12364864864864865,0.05675675675675676,0.37333333333333335,3.019307832422587,1.0,0.03795882030679328,1.3984330074755607,0.7887023335230506,0.25925925925925924,0.28491390388075044,0.41617486338797816
"frozenset({'TotalWorkingYears_bin_nan', 'OverTime_Yes_True', 'MonthlyIncome_bin_nan', 'Age_bin_nan'})","frozenset({'YearsAtCompany_bin_nan', 'AttritionLabel_Leave'})",0.15202702702702703,0.12364864864864865,0.05675675675675676,0.37333333333333335,3.019307832422587,1.0,0.03795882030679328,1.3984330074755607,0.7887023335230506,0.25925925925925924,0.28491390388075044,0.41617486338797816
"frozenset({'TotalWorkingYears_bin_nan', 'OverTime_Yes_True', 'MonthlyIncome_bin_nan'})","frozenset({'YearsAtCompany_bin_nan', 'AttritionLabel_Leave', 'Age_bin_nan'})",0.15202702702702703,0.12364864864864865,0.05675675675675676,0.37333333333333335,3.019307832422587,1.0,0.03795882030679328,1.3984330074755607,0.7887023335230506,0.25925925925925924,0.28491390388075044,0.41617486338797816
"frozenset({'TotalWorkingYears_bin_nan', 'OverTime_Yes_True', 'Age_bin_nan'})","frozenset({'AttritionLabel_Leave', 'YearsAtCompany_bin_nan', 'MonthlyIncome_bin_nan'})",0.1804054054054054,0.10878378378378378,0.05675675675675676,0.31460674157303375,2.8920371275036643,1.0,0.037131574141709284,1.300299069561365,0.7982275350370982,0.24418604651162792,0.23094615430484453,0.41817293600390815
"frozenset({'TotalWorkingYears_bin_nan', 'OverTime_Yes_True'})","frozenset({'AttritionLabel_Leave', 'YearsAtCompany_bin_nan', 'MonthlyIncome_bin_nan'})",0.1804054054054054,0.10878378378378378,0.05675675675675676,0.31460674157303375,2.8920371275036643,1.0,0.037131574141709284,1.300299069561365,0.7982275350370982,0.24418604651162792,0.23094615430484453,0.41817293600390815
"frozenset({'TotalWorkingYears_bin_nan', 'OverTime_Yes_True'})","frozenset({'AttritionLabel_Leave', 'YearsAtCompany_bin_nan', 'MonthlyIncome_bin_nan', 'Age_bin_nan'})",0.1804054054054054,0.10878378378378378,0.05675675675675676,0.31460674157303375,2.8920371275036643,1.0,0.037131574141709284,1.300299069561365,0.7982275350370982,0.24418604651162792,0.23094615430484453,0.41817293600390815
"frozenset({'TotalWorkingYears_bin_nan', 'MonthlyIncome_bin_nan', 'Age_bin_nan', 'YearsAtCompany_bin_nan', 'OverTime_Yes_True'})",frozenset({'AttritionLabel_Leave'}),0.12364864864864865,0.1608108108108108,0.05675675675675676,0.45901639344262296,2.854387656702025,1.0,0.0368727173119065,1.5512285012285014,0.741326137239784,0.24925816023738875,0.35534964758058135,0.4059787849566056
"frozenset({'TotalWorkingYears_bin_nan', 'YearsAtCompany_bin_nan', 'MonthlyIncome_bin_nan', 'OverTime_Yes_True'})","frozenset({'AttritionLabel_Leave', 'Age_bin_nan'})",0.12364864864864865,0.1608108108108108,0.05675675675675676,0.45901639344262296,2.854387656702025,1.0,0.0368727173119065,1.5512285012285014,0.741326137239784,0.24925816023738875,0.35534964758058135,0.4059787849566056
"frozenset({'TotalWorkingYears_bin_nan', 'YearsAtCompany_bin_nan', 'MonthlyIncome_bin_nan', 'OverTime_Yes_True'})",frozenset({'AttritionLabel_Leave'}),0.12364864864864865,0.1608108108108108,0.05675675675675676,0.45901639344262296,2.854387656702025,1.0,0.0368727173119065,1.5512285012285014,0.741326137239784,0.24925816023738875,0.35534964758058135,0.4059787849566056
"frozenset({'TotalWorkingYears_bin_nan', 'OverTime_Yes_True', 'Age_bin_nan'})","frozenset({'AttritionLabel_Leave', 'MonthlyIncome_bin_nan'})",0.1804054054054054,0.125,0.06418918918918919,0.35580524344569286,2.846441947565543,1.0,0.04163851351351351,1.3582848837209303,0.7914696055885798,0.2661064425770308,0.26377742108079183,0.4346593784796032
"frozenset({'TotalWorkingYears_bin_nan', 'OverTime_Yes_True'})","frozenset({'AttritionLabel_Leave', 'MonthlyIncome_bin_nan', 'Age_bin_nan'})",0.1804054054054054,0.125,0.06418918918918919,0.35580524344569286,2.846441947565543,1.0,0.04163851351351351,1.3582848837209303,0.7914696055885798,0.2661064425770308,0.26377742108079183,0.4346593784796032
"frozenset({'TotalWorkingYears_bin_nan', 'OverTime_Yes_True'})","frozenset({'AttritionLabel_Leave', 'MonthlyIncome_bin_nan'})",0.1804054054054054,0.125,0.06418918918918919,0.35580524344569286,2.846441947565543,1.0,0.04163851351351351,1.3582848837209303,0.7914696055885798,0.2661064425770308,0.26377742108079183,0.4346593784796032
"frozenset({'OverTime_Yes_True', 'MonthlyIncome_bin_nan'})","frozenset({'TotalWorkingYears_bin_nan', 'YearsAtCompany_bin_nan', 'AttritionLabel_Leave', 'Age_bin_nan'})",0.18716216216216217,0.10878378378378378,0.05675675675675676,0.3032490974729242,2.7876314550306076,1.0,0.036396548575602636,1.2791030667973675,0.7889304516486563,0.23728813559322037,0.21820217153899002,0.4124941139538534
"frozenset({'OverTime_Yes_True', 'MonthlyIncome_bin_nan', 'Age_bin_nan'})","frozenset({'TotalWorkingYears_bin_nan', 'YearsAtCompany_bin_nan', 'AttritionLabel_Leave'})",0.18716216216216217,0.10878378378378378,0.05675675675675676,0.3032490974729242,2.7876314550306076,1.0,0.036396548575602636,1.2791030667973675,0.7889304516486563,0.23728813559322037,0.21820217153899002,0.4124941139538534
"frozenset({'OverTime_Yes_True', 'MonthlyIncome_bin_nan'})","frozenset({'TotalWorkingYears_bin_nan', 'YearsAtCompany_bin_nan', 'AttritionLabel_Leave'})",0.18716216216216217,0.10878378378378378,0.05675675675675676,0.3032490974729242,2.7876314550306076,1.0,0.036396548575602636,1.2791030667973675,0.7889304516486563,0.23728813559322037,0.21820217153899002,0.4124941139538534
"frozenset({'TotalWorkingYears_bin_nan', 'YearsAtCompany_bin_nan', 'OverTime_Yes_True', 'Age_bin_nan'})",frozenset({'AttritionLabel_Leave'}),0.13851351351351351,0.1608108108108108,0.060810810810810814,0.43902439024390244,2.730067636810822,1.0,0.038536340394448504,1.4959459459459457,0.735599128540305,0.254957507082153,0.3315266485998194,0.4085878253740521
"frozenset({'TotalWorkingYears_bin_nan', 'YearsAtCompany_bin_nan', 'OverTime_Yes_True'})",frozenset({'AttritionLabel_Leave'}),0.13851351351351351,0.1608108108108108,0.060810810810810814,0.43902439024390244,2.730067636810822,1.0,0.038536340394448504,1.4959459459459457,0.735599128540305,0.254957507082153,0.3315266485998194,0.4085878253740521
"frozenset({'TotalWorkingYears_bin_nan', 'YearsAtCompany_bin_nan', 'OverTime_Yes_True'})","frozenset({'AttritionLabel_Leave', 'Age_bin_nan'})",0.13851351351351351,0.1608108108108108,0.060810810810810814,0.43902439024390244,2.730067636810822,1.0,0.038536340394448504,1.4959459459459457,0.735599128540305,0.254957507082153,0.3315266485998194,0.4085878253740521
"frozenset({'TotalWorkingYears_bin_nan', 'OverTime_Yes_True'})","frozenset({'YearsAtCompany_bin_nan', 'AttritionLabel_Leave', 'Age_bin_nan'})",0.1804054054054054,0.12364864864864865,0.060810810810810814,0.3370786516853933,2.7261005710075525,1.0,0.03850392622352082,1.3219537333944114,0.7725474031327288,0.25,0.24354387393552973,0.41444096518695894
"frozenset({'TotalWorkingYears_bin_nan', 'OverTime_Yes_True', 'Age_bin_nan'})","frozenset({'YearsAtCompany_bin_nan', 'AttritionLabel_Leave'})",0.1804054054054054,0.12364864864864865,0.060810810810810814,0.3370786516853933,2.7261005710075525,1.0,0.03850392622352082,1.3219537333944114,0.7725474031327288,0.25,0.24354387393552973,0.41444096518695894
"frozenset({'TotalWorkingYears_bin_nan', 'OverTime_Yes_True'})","frozenset({'YearsAtCompany_bin_nan', 'AttritionLabel_Leave'})",0.1804054054054054,0.12364864864864865,0.060810810810810814,0.3370786516853933,2.7261005710075525,1.0,0.03850392622352082,1.3219537333944114,0.7725474031327288,0.25,0.24354387393552973,0.41444096518695894
"frozenset({'OverTime_Yes_True', 'MonthlyIncome_bin_nan'})","frozenset({'TotalWorkingYears_bin_nan', 'AttritionLabel_Leave'})",0.18716216216216217,0.1277027027027027,0.06418918918918919,0.34296028880866425,2.685614959983191,1.0,0.04028807523739956,1.3276173151173152,0.7721660760379753,0.25606469002695414,0.2467708965428529,0.42280289572708346
"frozenset({'OverTime_Yes_True', 'MonthlyIncome_bin_nan', 'Age_bin_nan'})","frozenset({'TotalWorkingYears_bin_nan', 'AttritionLabel_Leave'})",0.18716216216216217,0.1277027027027027,0.06418918918918919,0.34296028880866425,2.685614959983191,1.0,0.04028807523739956,1.3276173151173152,0.7721660760379753,0.25606469002695414,0.2467708965428529,0.42280289572708346
"frozenset({'OverTime_Yes_True', 'MonthlyIncome_bin_nan'})","frozenset({'TotalWorkingYears_bin_nan', 'AttritionLabel_Leave', 'Age_bin_nan'})",0.18716216216216217,0.1277027027027027,0.06418918918918919,0.34296028880866425,2.685614959983191,1.0,0.04028807523739956,1.3276173151173152,0.7721660760379753,0.25606469002695414,0.2467708965428529,0.42280289572708346
"frozenset({'YearsAtCompany_bin_nan', 'OverTime_Yes_True'})","frozenset({'AttritionLabel_Leave', 'TotalWorkingYears_bin_nan', 'MonthlyIncome_bin_nan'})",0.18783783783783783,0.11283783783783784,0.05675675675675676,0.302158273381295,2.6778098479300394,1.0,0.03556154127100074,1.2712942323767067,0.7714721495919501,0.2326869806094183,0.21340003397129972,0.4025761426786715
"frozenset({'YearsAtCompany_bin_nan', 'OverTime_Yes_True', 'Age_bin_nan'})","frozenset({'AttritionLabel_Leave', 'TotalWorkingYears_bin_nan', 'MonthlyIncome_bin_nan'})",0.18783783783783783,0.11283783783783784,0.05675675675675676,0.302158273381295,2.6778098479300394,1.0,0.03556154127100074,1.2712942323767067,0.7714721495919501,0.2326869806094183,0.21340003397129972,0.4025761426786715
"frozenset({'YearsAtCompany_bin_nan', 'OverTime_Yes_True'})","frozenset({'AttritionLabel_Leave', 'TotalWorkingYears_bin_nan', 'MonthlyIncome_bin_nan', 'Age_bin_nan'})",0.18783783783783783,0.11283783783783784,0.05675675675675676,0.302158273381295,2.6778098479300394,1.0,0.03556154127100074,1.2712942323767067,0.7714721495919501,0.2326869806094183,0.21340003397129972,0.4025761426786715
"frozenset({'YearsAtCompany_bin_nan', 'MonthlyIncome_bin_nan', 'OverTime_Yes_True'})","frozenset({'AttritionLabel_Leave', 'Age_bin_nan'})",0.13986486486486485,0.1608108108108108,0.06013513513513514,0.4299516908212561,2.6736491698128533,1.0,0.03764335281227174,1.4721369674759508,0.7277686081714433,0.25000000000000006,0.32071538036671426,0.4019506353265945
"frozenset({'OverTime_Yes_True', 'YearsAtCompany_bin_nan', 'MonthlyIncome_bin_nan', 'Age_bin_nan'})",frozenset({'AttritionLabel_Leave'}),0.13986486486486485,0.1608108108108108,0.06013513513513514,0.4299516908212561,2.6736491698128533,1.0,0.03764335281227174,1.4721369674759508,0.7277686081714433,0.25000000000000006,0.32071538036671426,0.4019506353265945
"frozenset({'YearsAtCompany_bin_nan', 'MonthlyIncome_bin_nan', 'OverTime_Yes_True'})",frozenset({'AttritionLabel_Leave'}),0.13986486486486485,0.1608108108108108,0.06013513513513514,0.4299516908212561,2.6736491698128533,1.0,0.03764335281227174,1.4721369674759508,0.7277686081714433,0.25000000000000006,0.32071538036671426,0.4019506353265945
"frozenset({'TotalWorkingYears_bin_nan', 'OverTime_Yes_True', 'MonthlyIncome_bin_nan'})","frozenset({'AttritionLabel_Leave', 'Age_bin_nan'})",0.15202702702702703,0.1608108108108108,0.06418918918918919,0.4222222222222222,2.6255835667600373,1.0,0.03974159970781592,1.4524428274428276,0.7301321031662822,0.2581521739130435,0.3115047414564323,0.4106909430438842
"frozenset({'TotalWorkingYears_bin_nan', 'OverTime_Yes_True', 'MonthlyIncome_bin_nan'})",frozenset({'AttritionLabel_Leave'}),0.15202702702702703,0.1608108108108108,0.06418918918918919,0.4222222222222222,2.6255835667600373,1.0,0.03974159970781592,1.4524428274428276,0.7301321031662822,0.2581521739130435,0.3115047414564323,0.4106909430438842
"frozenset({'TotalWorkingYears_bin_nan', 'OverTime_Yes_True', 'MonthlyIncome_bin_nan', 'Age_bin_nan'})",frozenset({'AttritionLabel_Leave'}),0.15202702702702703,0.1608108108108108,0.06418918918918919,0.4222222222222222,2.6255835667600373,1.0,0.03974159970781592,1.4524428274428276,0.7301321031662822,0.2581521739130435,0.3115047414564323,0.4106909430438842
"frozenset({'OverTime_Yes_True', 'MonthlyIncome_bin_nan', 'Age_bin_nan'})","frozenset({'YearsAtCompany_bin_nan', 'AttritionLabel_Leave'})",0.18716216216216217,0.12364864864864865,0.06013513513513514,0.3212996389891697,2.598488883628258,1.0,0.036992786705624545,1.2912198102357677,0.7568064856585129,0.23989218328840972,0.2255385240585745,0.40381921840168866
"frozenset({'OverTime_Yes_True', 'MonthlyIncome_bin_nan'})","frozenset({'YearsAtCompany_bin_nan', 'AttritionLabel_Leave'})",0.18716216216216217,0.12364864864864865,0.06013513513513514,0.3212996389891697,2.598488883628258,1.0,0.036992786705624545,1.2912198102357677,0.7568064856585129,0.23989218328840972,0.2255385240585745,0.40381921840168866
"frozenset({'OverTime_Yes_True', 'MonthlyIncome_bin_nan'})","frozenset({'YearsAtCompany_bin_nan', 'AttritionLabel_Leave', 'Age_bin_nan'})",0.18716216216216217,0.12364864864864865,0.06013513513513514,0.3212996389891697,2.598488883628258,1.0,0.036992786705624545,1.2912198102357677,0.7568064856585129,0.23989218328840972,0.2255385240585745,0.40381921840168866
"frozenset({'YearsAtCompany_bin_nan', 'OverTime_Yes_True'})","frozenset({'AttritionLabel_Leave', 'MonthlyIncome_bin_nan', 'Age_bin_nan'})",0.18783783783783783,0.125,0.06013513513513514,0.32014388489208634,2.5611510791366907,1.0,0.036655405405405406,1.287037037037037,0.7505281459739386,0.2379679144385027,0.22302158273381295,0.4006124829865837
"frozenset({'YearsAtCompany_bin_nan', 'OverTime_Yes_True'})","frozenset({'AttritionLabel_Leave', 'MonthlyIncome_bin_nan'})",0.18783783783783783,0.125,0.06013513513513514,0.32014388489208634,2.5611510791366907,1.0,0.036655405405405406,1.287037037037037,0.7505281459739386,0.2379679144385027,0.22302158273381295,0.4006124829865837
"frozenset({'YearsAtCompany_bin_nan', 'OverTime_Yes_True', 'Age_bin_nan'})","frozenset({'AttritionLabel_Leave', 'MonthlyIncome_bin_nan'})",0.18783783783783783,0.125,0.06013513513513514,0.32014388489208634,2.5611510791366907,1.0,0.036655405405405406,1.287037037037037,0.7505281459739386,0.2379679144385027,0.22302158273381295,0.4006124829865837
"frozenset({'YearsAtCompany_bin_nan', 'OverTime_Yes_True'})","frozenset({'TotalWorkingYears_bin_nan', 'AttritionLabel_Leave', 'Age_bin_nan'})",0.18783783783783783,0.1277027027027027,0.060810810810810814,0.32374100719424465,2.5351147653305928,1.0,0.03682341124908693,1.2898864289821736,0.7455906821963395,0.2387267904509284,0.22473794782918827,0.39996574169236043
"frozenset({'YearsAtCompany_bin_nan', 'OverTime_Yes_True', 'Age_bin_nan'})","frozenset({'TotalWorkingYears_bin_nan', 'AttritionLabel_Leave'})",0.18783783783783783,0.1277027027027027,0.060810810810810814,0.32374100719424465,2.5351147653305928,1.0,0.03682341124908693,1.2898864289821736,0.7455906821963395,0.2387267904509284,0.22473794782918827,0.39996574169236043
"frozenset({'YearsAtCompany_bin_nan', 'OverTime_Yes_True'})","frozenset({'TotalWorkingYears_bin_nan', 'AttritionLabel_Leave'})",0.18783783783783783,0.1277027027027027,0.060810810810810814,0.32374100719424465,2.5351147653305928,1.0,0.03682341124908693,1.2898864289821736,0.7455906821963395,0.2387267904509284,0.22473794782918827,0.39996574169236043
"frozenset({'TotalWorkingYears_bin_nan', 'OverTime_Yes_True', 'Age_bin_nan'})",frozenset({'AttritionLabel_Leave'}),0.1804054054054054,0.1608108108108108,0.07094594594594594,0.39325842696629215,2.4454725710508924,1.0,0.04193480642804967,1.3831081081081082,0.7211871393239901,0.26249999999999996,0.27699071812408405,0.41721744877726374
"frozenset({'TotalWorkingYears_bin_nan', 'OverTime_Yes_True'})",frozenset({'AttritionLabel_Leave'}),0.1804054054054054,0.1608108108108108,0.07094594594594594,0.39325842696629215,2.4454725710508924,1.0,0.04193480642804967,1.3831081081081082,0.7211871393239901,0.26249999999999996,0.27699071812408405,0.41721744877726374
"frozenset({'TotalWorkingYears_bin_nan', 'OverTime_Yes_True'})","frozenset({'AttritionLabel_Leave', 'Age_bin_nan'})",0.1804054054054054,0.1608108108108108,0.07094594594594594,0.39325842696629215,2.4454725710508924,1.0,0.04193480642804967,1.3831081081081082,0.7211871393239901,0.26249999999999996,0.27699071812408405,0.41721744877726374
"frozenset({'OverTime_Yes_True', 'MonthlyIncome_bin_nan'})","frozenset({'AttritionLabel_Leave', 'Age_bin_nan'})",0.18716216216216217,0.1608108108108108,0.07027027027027027,0.37545126353790614,2.334738949731517,1.0,0.040172571219868516,1.34367286361506,0.7033218236460131,0.25304136253041365,0.2557712319131249,0.40621302672693627
"frozenset({'OverTime_Yes_True', 'MonthlyIncome_bin_nan', 'Age_bin_nan'})",frozenset({'AttritionLabel_Leave'}),0.18716216216216217,0.1608108108108108,0.07027027027027027,0.37545126353790614,2.334738949731517,1.0,0.040172571219868516,1.34367286361506,0.7033218236460131,0.25304136253041365,0.2557712319131249,0.40621302672693627
"frozenset({'OverTime_Yes_True', 'MonthlyIncome_bin_nan'})",frozenset({'AttritionLabel_Leave'}),0.18716216216216217,0.1608108108108108,0.07027027027027027,0.37545126353790614,2.334738949731517,1.0,0.040172571219868516,1.34367286361506,0.7033218236460131,0.25304136253041365,0.2557712319131249,0.40621302672693627
"frozenset({'YearsAtCompany_bin_nan', 'OverTime_Yes_True'})",frozenset({'AttritionLabel_Leave'}),0.18783783783783783,0.1608108108108108,0.06959459459459459,0.37050359712230213,2.303971948491627,1.0,0.039388239590942294,1.3331119691119688,0.6968644492189393,0.24939467312348668,0.24987546194928115,0.4016383531829998
"frozenset({'YearsAtCompany_bin_nan', 'OverTime_Yes_True'})","frozenset({'AttritionLabel_Leave', 'Age_bin_nan'})",0.18783783783783783,0.1608108108108108,0.06959459459459459,0.37050359712230213,2.303971948491627,1.0,0.039388239590942294,1.3331119691119688,0.6968644492189393,0.24939467312348668,0.24987546194928115,0.4016383531829998
"frozenset({'Age_bin_nan', 'YearsAtCompany_bin_nan', 'OverTime_Yes_True'})",frozenset({'AttritionLabel_Leave'}),0.18783783783783783,0.1608108108108108,0.06959459459459459,0.37050359712230213,2.303971948491627,1.0,0.039388239590942294,1.3331119691119688,0.6968644492189393,0.24939467312348668,0.24987546194928115,0.4016383531829998
"frozenset({'OverTime_Yes_True', 'Age_bin_nan'})",frozenset({'AttritionLabel_Leave'}),0.28243243243243243,0.1608108108108108,0.08648648648648649,0.3062200956937799,1.9042258051545977,1.0,0.041068298027757494,1.2095899347623487,0.6617525894538607,0.24242424242424243,0.17327354398292613,0.4220176108721001
frozenset({'OverTime_Yes_True'}),frozenset({'AttritionLabel_Leave'}),0.28243243243243243,0.1608108108108108,0.08648648648648649,0.3062200956937799,1.9042258051545977,1.0,0.041068298027757494,1.2095899347623487,0.6617525894538607,0.24242424242424243,0.17327354398292613,0.4220176108721001
frozenset({'OverTime_Yes_True'}),"frozenset({'AttritionLabel_Leave', 'Age_bin_nan'})",0.28243243243243243,0.1608108108108108,0.08648648648648649,0.3062200956937799,1.9042258051545977,1.0,0.041068298027757494,1.2095899347623487,0.6617525894538607,0.24242424242424243,0.17327354398292613,0.4220176108721001
